mode,m,call_count,experts,hidden_size,intermediate_size,topk,group_size,gems_us,native_us,speedup
kernel,1,172,256,4096,256,6,128,100.8400022983551,157.83999860286713,1.5652518346426278
kernel,2,172,256,4096,256,6,128,159.11999344825745,199.71999526023865,1.2551533652820535
kernel,4,172,256,4096,256,6,128,268.559992313385,338.6000096797943,1.260798403973288
kernel,8,172,256,4096,256,6,128,494.04001235961914,581.0199975967407,1.1760585844488392
kernel,16,172,256,4096,256,6,128,851.0800004005432,1043.67995262146,1.2263006440408346
kernel,24,172,256,4096,256,6,128,1174.9799847602844,1436.3600015640259,1.2224548674819065
kernel,32,172,256,4096,256,6,128,1355.9600114822388,1644.1600322723389,1.212543156398145
kernel,40,172,256,4096,256,6,128,1617.4800395965576,1975.000023841858,1.22103517539201
kernel,48,172,256,4096,256,6,128,1739.7199869155884,2129.92000579834,1.2242889785812894
kernel,56,172,256,4096,256,6,128,1848.3999967575073,2273.6001014709473,1.2300368456282909
kernel,64,172,256,4096,256,6,128,1937.3800158500671,2399.240016937256,1.238394118504695
kernel,72,172,256,4096,256,6,128,2086.8799686431885,2588.9400243759155,1.2405792682265036
kernel,80,172,256,4096,256,6,128,2085.7399702072144,2592.180013656616,1.2428107293734645
kernel,88,172,256,4096,256,6,128,2181.3600063323975,2738.800048828125,1.2555470169424132
kernel,96,172,256,4096,256,6,128,2115.679979324341,2656.019926071167,1.2553977690517202
kernel,104,172,256,4096,256,6,128,2256.5999031066895,2825.0800371170044,1.251918886120522
kernel,112,172,256,4096,256,6,128,2351.4400720596313,2948.6000537872314,1.2539550077517163
kernel,120,172,256,4096,256,6,128,2285.320043563843,2859.4400882720947,1.2512208503684852
kernel,128,172,256,4096,256,6,128,2347.0200300216675,2919.540047645569,1.243934866469212
kernel,136,172,256,4096,256,6,128,2315.119981765747,2926.640033721924,1.2641418400655715
kernel,144,172,256,4096,256,6,128,2359.179973602295,2976.720094680786,1.261760496438749
kernel,152,172,256,4096,256,6,128,2369.5600032806396,2972.8000164031982,1.2545789143500805
kernel,160,172,256,4096,256,6,128,2402.6401042938232,3029.279947280884,1.26081302891231
kernel,168,172,256,4096,256,6,128,2389.8000717163086,3025.599956512451,1.2660473117901965
kernel,176,172,256,4096,256,6,128,2432.57999420166,3057.039976119995,1.2567068640730452
kernel,184,172,256,4096,256,6,128,2426.719903945923,3150.0200033187866,1.2980566888649798
kernel,192,172,256,4096,256,6,128,2437.340021133423,3127.4800300598145,1.2831529466313278
kernel,200,172,256,4096,256,6,128,2436.6400241851807,3203.920006752014,1.3148926287638298
kernel,208,172,256,4096,256,6,128,2456.8800926208496,3195.280075073242,1.30054376062965
kernel,216,172,256,4096,256,6,128,2473.8399982452393,3299.760103225708,1.3338615696917813
kernel,224,172,256,4096,256,6,128,2465.8199548721313,3310.760021209717,1.3426608924419225
kernel,232,172,256,4096,256,6,128,2475.459933280945,3363.7999296188354,1.358858563774246
kernel,240,172,256,4096,256,6,128,2456.820011138916,3456.8800926208496,1.4070546791982261
kernel,248,172,256,4096,256,6,128,2458.419919013977,3505.4800510406494,1.4259077645476559
kernel,256,172,256,4096,256,6,128,2467.120051383972,3469.280004501343,1.4062063994636955
kernel,272,172,256,4096,256,6,128,2482.1999073028564,3631.7399740219116,1.463113411348137
kernel,288,172,256,4096,256,6,128,2484.5399856567383,3745.6400394439697,1.507578892296992
kernel,304,172,256,4096,256,6,128,2490.339994430542,3923.3999252319336,1.5754475027531671
kernel,320,172,256,4096,256,6,128,2493.680000305176,3976.900100708008,1.5947916734389802
kernel,336,172,256,4096,256,6,128,2496.380090713501,3983.9199781417847,1.595878765802496
kernel,352,172,256,4096,256,6,128,2499.780058860779,3988.6800050735474,1.595612378351119
kernel,368,172,256,4096,256,6,128,2543.2798862457275,4101.399898529053,1.6126419749197758
kernel,384,172,256,4096,256,6,128,2519.6800231933594,4088.0398750305176,1.6224440553564696
kernel,400,172,256,4096,256,6,128,2539.8800373077393,4138.400077819824,1.6293683233191236
kernel,416,172,256,4096,256,6,128,2567.6400661468506,4130.080223083496,1.6085121421560202
kernel,432,172,256,4096,256,6,128,2568.4800148010254,4163.360118865967,1.6209431628334057
kernel,448,172,256,4096,256,6,128,2597.140073776245,4223.000049591064,1.6260193634649889
kernel,464,172,256,4096,256,6,128,2600.2800464630127,4237.119913101196,1.629485992812454
kernel,480,172,256,4096,256,6,128,2655.0400257110596,4363.459825515747,1.6434629170410142
kernel,496,344,256,4096,256,6,128,2713.1199836730957,4455.2001953125,1.6420947920190867
kernel,512,344,256,4096,256,6,128,2815.2999877929688,4492.080211639404,1.595595578132664
kernel,2048,43,256,4096,256,6,128,5409.460067749023,20656.299591064453,3.8185510813207504
kernel,16384,946,256,4096,256,6,128,29006.160736083984,131139.2364501953,4.52108218124354
cudagraph,1,172,256,4096,256,6,128,93.20980427311916,134.18636681898585,1.4396164423411835
cudagraph,2,172,256,4096,256,6,128,153.3737273227574,185.35348909710524,1.20850873440045
cudagraph,4,172,256,4096,256,6,128,264.84748295375283,329.6224701572472,1.2445746755116616
cudagraph,8,172,256,4096,256,6,128,491.805292624795,573.3503684019431,1.165807641763953
cudagraph,16,172,256,4096,256,6,128,846.9447443040751,1033.2431395848591,1.2199652297669823
cudagraph,24,172,256,4096,256,6,128,1168.7454223632812,1425.731603650079,1.2198820858413757
cudagraph,32,172,256,4096,256,6,128,1348.7121994430952,1640.039975525903,1.2160044049450294
cudagraph,40,172,256,4096,256,6,128,1608.1870909660095,1962.3127746582031,1.2202017947299133
cudagraph,48,172,256,4096,256,6,128,1730.889839038514,2133.9229827231547,1.2328473682117866
cudagraph,56,172,256,4096,256,6,128,1836.745580037435,2275.778683749112,1.2390277175474294
cudagraph,64,172,256,4096,256,6,128,1927.7572631835938,2393.2736094405013,1.241480789696588
cudagraph,72,172,256,4096,256,6,128,2074.9154090881348,2586.2367529618114,1.2464299708962052
cudagraph,80,172,256,4096,256,6,128,2075.778802235921,2579.4594413355776,1.242646585733084
cudagraph,88,172,256,4096,256,6,128,2171.1734274159307,2732.6883739895293,1.2586227979226412
cudagraph,96,172,256,4096,256,6,128,2105.4148572556514,2652.2767350480362,1.259740675766487
cudagraph,104,172,256,4096,256,6,128,2244.074994867498,2815.7822745186945,1.254763000772598
cudagraph,112,172,256,4096,256,6,128,2340.781893048968,2937.9472443551726,1.2551136238192495
cudagraph,120,172,256,4096,256,6,128,2272.767000420149,2852.78799874442,1.255204778235977
cudagraph,128,172,256,4096,256,6,128,2334.9376860119046,2925.4294002757356,1.2528939927610643
cudagraph,136,172,256,4096,256,6,128,2301.1427591013353,2922.7511462043312,1.2701303014097884
cudagraph,144,172,256,4096,256,6,128,2345.6828707740424,2971.9309951319838,1.2669790243858876
cudagraph,152,172,256,4096,256,6,128,2357.992808024089,2960.2478489731297,1.2554100414978402
cudagraph,160,172,256,4096,256,6,128,2392.1458546708272,3018.873272520123,1.261993814727295
cudagraph,168,172,256,4096,256,6,128,2378.1747363862537,3026.321179939039,1.2725394537399188
cudagraph,176,172,256,4096,256,6,128,2421.9848818895293,3058.6031675338745,1.2628498180994765
cudagraph,184,172,256,4096,256,6,128,2414.4092652855848,3150.0587463378906,1.3046912930750747
cudagraph,192,172,256,4096,256,6,128,2424.9512276998375,3129.3087005615234,1.2904625317061724
cudagraph,200,172,256,4096,256,6,128,2427.064383902201,3196.8463774650327,1.317165872759085
cudagraph,208,172,256,4096,256,6,128,2446.2050437927246,3214.472247708228,1.3140649251235057
cudagraph,216,172,256,4096,256,6,128,2459.9799156188965,3305.392710367839,1.3436665435279573
cudagraph,224,172,256,4096,256,6,128,2451.513957977295,3307.7546437581386,1.349270165480646
cudagraph,232,172,256,4096,256,6,128,2459.39998626709,3362.4896345467405,1.3671991759463138
cudagraph,240,172,256,4096,256,6,128,2441.625022888184,3447.105539256129,1.4118079176541891
cudagraph,248,172,256,4096,256,6,128,2445.6839561462402,3496.283667428153,1.4295729661396575
cudagraph,256,172,256,4096,256,6,128,2452.9600143432617,3456.432474070582,1.4090863503113331
cudagraph,272,172,256,4096,256,6,128,2466.259479522705,3634.407467312283,1.473651697028915
cudagraph,288,172,256,4096,256,6,128,2469.76900100708,3742.5462282620947,1.5153426197899573
cudagraph,304,172,256,4096,256,6,128,2472.4879264831543,3916.006469726563,1.5838323931865086
cudagraph,320,172,256,4096,256,6,128,2477.0350456237793,3974.551239013672,1.6045599540610378
cudagraph,336,172,256,4096,256,6,128,2479.7100067138676,3982.649688720703,1.6060949376893243
cudagraph,352,172,256,4096,256,6,128,2483.605480194092,3987.0552062988286,1.6053496572198105
cudagraph,368,172,256,4096,256,6,128,2524.7584611941606,4101.248264312744,1.6244121278725947
cudagraph,384,172,256,4096,256,6,128,2504.40666003105,4079.6267191569004,1.628979344395419
cudagraph,400,172,256,4096,256,6,128,2522.19488681891,4123.908360799154,1.6350474669308315
cudagraph,416,172,256,4096,256,6,128,2551.6784863594253,4137.218475341797,1.6213713825853198
cudagraph,432,172,256,4096,256,6,128,2552.9836018880205,4149.860858917236,1.6254945217228458
cudagraph,448,172,256,4096,256,6,128,2582.6673005756575,4223.5260009765625,1.6353349113279785
cudagraph,464,172,256,4096,256,6,128,2583.592163889032,4235.943504001783,1.639555794915208
cudagraph,480,172,256,4096,256,6,128,2638.7032173775337,4343.340002972146,1.6460130773208972
cudagraph,496,344,256,4096,256,6,128,2693.092964790963,4455.501729791815,1.6544180940065132
cudagraph,512,344,256,4096,256,6,128,2794.733210972377,4482.467304576528,1.6038981062585695
cudagraph,2048,43,256,4096,256,6,128,5398.575676812066,20711.22455596924,3.836423863599427
cudagraph,16384,946,256,4096,256,6,128,29145.187377929688,132184.08203125,4.535365661479567
